starred_at,user.login,user.id,user.node_id,user.avatar_url,user.gravatar_id,user.url,user.html_url,user.followers_url,user.following_url,user.gists_url,user.starred_url,user.subscriptions_url,user.organizations_url,user.repos_url,user.events_url,user.received_events_url,user.type,user.site_admin
2022-03-15T03:50:26Z,gityumin,42199803,MDQ6VXNlcjQyMTk5ODAz,https://avatars.githubusercontent.com/u/42199803?v=4,,https://api.github.com/users/gityumin,https://github.com/gityumin,https://api.github.com/users/gityumin/followers,https://api.github.com/users/gityumin/following{/other_user},https://api.github.com/users/gityumin/gists{/gist_id},https://api.github.com/users/gityumin/starred{/owner}{/repo},https://api.github.com/users/gityumin/subscriptions,https://api.github.com/users/gityumin/orgs,https://api.github.com/users/gityumin/repos,https://api.github.com/users/gityumin/events{/privacy},https://api.github.com/users/gityumin/received_events,User,false
2022-03-15T16:01:27Z,hienpro00123,43641319,MDQ6VXNlcjQzNjQxMzE5,https://avatars.githubusercontent.com/u/43641319?v=4,,https://api.github.com/users/hienpro00123,https://github.com/hienpro00123,https://api.github.com/users/hienpro00123/followers,https://api.github.com/users/hienpro00123/following{/other_user},https://api.github.com/users/hienpro00123/gists{/gist_id},https://api.github.com/users/hienpro00123/starred{/owner}{/repo},https://api.github.com/users/hienpro00123/subscriptions,https://api.github.com/users/hienpro00123/orgs,https://api.github.com/users/hienpro00123/repos,https://api.github.com/users/hienpro00123/events{/privacy},https://api.github.com/users/hienpro00123/received_events,User,false
2022-03-18T18:50:11Z,fstepho,13305201,MDQ6VXNlcjEzMzA1MjAx,https://avatars.githubusercontent.com/u/13305201?v=4,,https://api.github.com/users/fstepho,https://github.com/fstepho,https://api.github.com/users/fstepho/followers,https://api.github.com/users/fstepho/following{/other_user},https://api.github.com/users/fstepho/gists{/gist_id},https://api.github.com/users/fstepho/starred{/owner}{/repo},https://api.github.com/users/fstepho/subscriptions,https://api.github.com/users/fstepho/orgs,https://api.github.com/users/fstepho/repos,https://api.github.com/users/fstepho/events{/privacy},https://api.github.com/users/fstepho/received_events,User,false
2022-03-19T15:14:22Z,eval-exec,46400566,MDQ6VXNlcjQ2NDAwNTY2,https://avatars.githubusercontent.com/u/46400566?v=4,,https://api.github.com/users/eval-exec,https://github.com/eval-exec,https://api.github.com/users/eval-exec/followers,https://api.github.com/users/eval-exec/following{/other_user},https://api.github.com/users/eval-exec/gists{/gist_id},https://api.github.com/users/eval-exec/starred{/owner}{/repo},https://api.github.com/users/eval-exec/subscriptions,https://api.github.com/users/eval-exec/orgs,https://api.github.com/users/eval-exec/repos,https://api.github.com/users/eval-exec/events{/privacy},https://api.github.com/users/eval-exec/received_events,User,false
2022-03-19T15:31:01Z,iDuuck,325241,MDQ6VXNlcjMyNTI0MQ==,https://avatars.githubusercontent.com/u/325241?v=4,,https://api.github.com/users/iDuuck,https://github.com/iDuuck,https://api.github.com/users/iDuuck/followers,https://api.github.com/users/iDuuck/following{/other_user},https://api.github.com/users/iDuuck/gists{/gist_id},https://api.github.com/users/iDuuck/starred{/owner}{/repo},https://api.github.com/users/iDuuck/subscriptions,https://api.github.com/users/iDuuck/orgs,https://api.github.com/users/iDuuck/repos,https://api.github.com/users/iDuuck/events{/privacy},https://api.github.com/users/iDuuck/received_events,User,false
2022-03-20T18:01:25Z,ThomasErhel,16942870,MDQ6VXNlcjE2OTQyODcw,https://avatars.githubusercontent.com/u/16942870?v=4,,https://api.github.com/users/ThomasErhel,https://github.com/ThomasErhel,https://api.github.com/users/ThomasErhel/followers,https://api.github.com/users/ThomasErhel/following{/other_user},https://api.github.com/users/ThomasErhel/gists{/gist_id},https://api.github.com/users/ThomasErhel/starred{/owner}{/repo},https://api.github.com/users/ThomasErhel/subscriptions,https://api.github.com/users/ThomasErhel/orgs,https://api.github.com/users/ThomasErhel/repos,https://api.github.com/users/ThomasErhel/events{/privacy},https://api.github.com/users/ThomasErhel/received_events,User,false
2022-03-21T02:40:25Z,jsvisa,3627395,MDQ6VXNlcjM2MjczOTU=,https://avatars.githubusercontent.com/u/3627395?v=4,,https://api.github.com/users/jsvisa,https://github.com/jsvisa,https://api.github.com/users/jsvisa/followers,https://api.github.com/users/jsvisa/following{/other_user},https://api.github.com/users/jsvisa/gists{/gist_id},https://api.github.com/users/jsvisa/starred{/owner}{/repo},https://api.github.com/users/jsvisa/subscriptions,https://api.github.com/users/jsvisa/orgs,https://api.github.com/users/jsvisa/repos,https://api.github.com/users/jsvisa/events{/privacy},https://api.github.com/users/jsvisa/received_events,User,false
2022-03-24T16:33:30Z,tonyfischetti,1426723,MDQ6VXNlcjE0MjY3MjM=,https://avatars.githubusercontent.com/u/1426723?v=4,,https://api.github.com/users/tonyfischetti,https://github.com/tonyfischetti,https://api.github.com/users/tonyfischetti/followers,https://api.github.com/users/tonyfischetti/following{/other_user},https://api.github.com/users/tonyfischetti/gists{/gist_id},https://api.github.com/users/tonyfischetti/starred{/owner}{/repo},https://api.github.com/users/tonyfischetti/subscriptions,https://api.github.com/users/tonyfischetti/orgs,https://api.github.com/users/tonyfischetti/repos,https://api.github.com/users/tonyfischetti/events{/privacy},https://api.github.com/users/tonyfischetti/received_events,User,false
2022-03-25T20:44:41Z,wdshin,559032,MDQ6VXNlcjU1OTAzMg==,https://avatars.githubusercontent.com/u/559032?v=4,,https://api.github.com/users/wdshin,https://github.com/wdshin,https://api.github.com/users/wdshin/followers,https://api.github.com/users/wdshin/following{/other_user},https://api.github.com/users/wdshin/gists{/gist_id},https://api.github.com/users/wdshin/starred{/owner}{/repo},https://api.github.com/users/wdshin/subscriptions,https://api.github.com/users/wdshin/orgs,https://api.github.com/users/wdshin/repos,https://api.github.com/users/wdshin/events{/privacy},https://api.github.com/users/wdshin/received_events,User,false
2022-03-29T15:20:14Z,grsLammy,99994920,U_kgDOBfXNKA,https://avatars.githubusercontent.com/u/99994920?v=4,,https://api.github.com/users/grsLammy,https://github.com/grsLammy,https://api.github.com/users/grsLammy/followers,https://api.github.com/users/grsLammy/following{/other_user},https://api.github.com/users/grsLammy/gists{/gist_id},https://api.github.com/users/grsLammy/starred{/owner}{/repo},https://api.github.com/users/grsLammy/subscriptions,https://api.github.com/users/grsLammy/orgs,https://api.github.com/users/grsLammy/repos,https://api.github.com/users/grsLammy/events{/privacy},https://api.github.com/users/grsLammy/received_events,User,false
2022-03-31T00:57:49Z,paulbaudrier,23172258,MDQ6VXNlcjIzMTcyMjU4,https://avatars.githubusercontent.com/u/23172258?v=4,,https://api.github.com/users/paulbaudrier,https://github.com/paulbaudrier,https://api.github.com/users/paulbaudrier/followers,https://api.github.com/users/paulbaudrier/following{/other_user},https://api.github.com/users/paulbaudrier/gists{/gist_id},https://api.github.com/users/paulbaudrier/starred{/owner}{/repo},https://api.github.com/users/paulbaudrier/subscriptions,https://api.github.com/users/paulbaudrier/orgs,https://api.github.com/users/paulbaudrier/repos,https://api.github.com/users/paulbaudrier/events{/privacy},https://api.github.com/users/paulbaudrier/received_events,User,false
2022-03-31T02:56:52Z,Ontisalaga16,97888404,U_kgDOBdWolA,https://avatars.githubusercontent.com/u/97888404?v=4,,https://api.github.com/users/Ontisalaga16,https://github.com/Ontisalaga16,https://api.github.com/users/Ontisalaga16/followers,https://api.github.com/users/Ontisalaga16/following{/other_user},https://api.github.com/users/Ontisalaga16/gists{/gist_id},https://api.github.com/users/Ontisalaga16/starred{/owner}{/repo},https://api.github.com/users/Ontisalaga16/subscriptions,https://api.github.com/users/Ontisalaga16/orgs,https://api.github.com/users/Ontisalaga16/repos,https://api.github.com/users/Ontisalaga16/events{/privacy},https://api.github.com/users/Ontisalaga16/received_events,User,false
2022-03-31T11:05:12Z,EazyReal,8047065,MDQ6VXNlcjgwNDcwNjU=,https://avatars.githubusercontent.com/u/8047065?v=4,,https://api.github.com/users/EazyReal,https://github.com/EazyReal,https://api.github.com/users/EazyReal/followers,https://api.github.com/users/EazyReal/following{/other_user},https://api.github.com/users/EazyReal/gists{/gist_id},https://api.github.com/users/EazyReal/starred{/owner}{/repo},https://api.github.com/users/EazyReal/subscriptions,https://api.github.com/users/EazyReal/orgs,https://api.github.com/users/EazyReal/repos,https://api.github.com/users/EazyReal/events{/privacy},https://api.github.com/users/EazyReal/received_events,User,false
2022-04-01T03:56:48Z,frankfanslc,55561087,MDQ6VXNlcjU1NTYxMDg3,https://avatars.githubusercontent.com/u/55561087?v=4,,https://api.github.com/users/frankfanslc,https://github.com/frankfanslc,https://api.github.com/users/frankfanslc/followers,https://api.github.com/users/frankfanslc/following{/other_user},https://api.github.com/users/frankfanslc/gists{/gist_id},https://api.github.com/users/frankfanslc/starred{/owner}{/repo},https://api.github.com/users/frankfanslc/subscriptions,https://api.github.com/users/frankfanslc/orgs,https://api.github.com/users/frankfanslc/repos,https://api.github.com/users/frankfanslc/events{/privacy},https://api.github.com/users/frankfanslc/received_events,User,false
2022-04-05T06:35:22Z,Hamaliel0140,83298230,MDQ6VXNlcjgzMjk4MjMw,https://avatars.githubusercontent.com/u/83298230?v=4,,https://api.github.com/users/Hamaliel0140,https://github.com/Hamaliel0140,https://api.github.com/users/Hamaliel0140/followers,https://api.github.com/users/Hamaliel0140/following{/other_user},https://api.github.com/users/Hamaliel0140/gists{/gist_id},https://api.github.com/users/Hamaliel0140/starred{/owner}{/repo},https://api.github.com/users/Hamaliel0140/subscriptions,https://api.github.com/users/Hamaliel0140/orgs,https://api.github.com/users/Hamaliel0140/repos,https://api.github.com/users/Hamaliel0140/events{/privacy},https://api.github.com/users/Hamaliel0140/received_events,User,false
2022-04-06T07:07:01Z,chendehai,37904075,MDQ6VXNlcjM3OTA0MDc1,https://avatars.githubusercontent.com/u/37904075?v=4,,https://api.github.com/users/chendehai,https://github.com/chendehai,https://api.github.com/users/chendehai/followers,https://api.github.com/users/chendehai/following{/other_user},https://api.github.com/users/chendehai/gists{/gist_id},https://api.github.com/users/chendehai/starred{/owner}{/repo},https://api.github.com/users/chendehai/subscriptions,https://api.github.com/users/chendehai/orgs,https://api.github.com/users/chendehai/repos,https://api.github.com/users/chendehai/events{/privacy},https://api.github.com/users/chendehai/received_events,User,false
2022-04-06T11:09:08Z,dldinternet,2635700,MDQ6VXNlcjI2MzU3MDA=,https://avatars.githubusercontent.com/u/2635700?v=4,,https://api.github.com/users/dldinternet,https://github.com/dldinternet,https://api.github.com/users/dldinternet/followers,https://api.github.com/users/dldinternet/following{/other_user},https://api.github.com/users/dldinternet/gists{/gist_id},https://api.github.com/users/dldinternet/starred{/owner}{/repo},https://api.github.com/users/dldinternet/subscriptions,https://api.github.com/users/dldinternet/orgs,https://api.github.com/users/dldinternet/repos,https://api.github.com/users/dldinternet/events{/privacy},https://api.github.com/users/dldinternet/received_events,User,false
2022-04-06T15:45:54Z,saonian,5100460,MDQ6VXNlcjUxMDA0NjA=,https://avatars.githubusercontent.com/u/5100460?v=4,,https://api.github.com/users/saonian,https://github.com/saonian,https://api.github.com/users/saonian/followers,https://api.github.com/users/saonian/following{/other_user},https://api.github.com/users/saonian/gists{/gist_id},https://api.github.com/users/saonian/starred{/owner}{/repo},https://api.github.com/users/saonian/subscriptions,https://api.github.com/users/saonian/orgs,https://api.github.com/users/saonian/repos,https://api.github.com/users/saonian/events{/privacy},https://api.github.com/users/saonian/received_events,User,false
2022-04-11T04:09:01Z,kk-hainq,4697992,MDQ6VXNlcjQ2OTc5OTI=,https://avatars.githubusercontent.com/u/4697992?v=4,,https://api.github.com/users/kk-hainq,https://github.com/kk-hainq,https://api.github.com/users/kk-hainq/followers,https://api.github.com/users/kk-hainq/following{/other_user},https://api.github.com/users/kk-hainq/gists{/gist_id},https://api.github.com/users/kk-hainq/starred{/owner}{/repo},https://api.github.com/users/kk-hainq/subscriptions,https://api.github.com/users/kk-hainq/orgs,https://api.github.com/users/kk-hainq/repos,https://api.github.com/users/kk-hainq/events{/privacy},https://api.github.com/users/kk-hainq/received_events,User,false
2022-04-11T06:04:05Z,pptphutho,20694746,MDQ6VXNlcjIwNjk0NzQ2,https://avatars.githubusercontent.com/u/20694746?v=4,,https://api.github.com/users/pptphutho,https://github.com/pptphutho,https://api.github.com/users/pptphutho/followers,https://api.github.com/users/pptphutho/following{/other_user},https://api.github.com/users/pptphutho/gists{/gist_id},https://api.github.com/users/pptphutho/starred{/owner}{/repo},https://api.github.com/users/pptphutho/subscriptions,https://api.github.com/users/pptphutho/orgs,https://api.github.com/users/pptphutho/repos,https://api.github.com/users/pptphutho/events{/privacy},https://api.github.com/users/pptphutho/received_events,User,false
2022-04-12T20:00:00Z,blazorin,32218025,MDQ6VXNlcjMyMjE4MDI1,https://avatars.githubusercontent.com/u/32218025?v=4,,https://api.github.com/users/blazorin,https://github.com/blazorin,https://api.github.com/users/blazorin/followers,https://api.github.com/users/blazorin/following{/other_user},https://api.github.com/users/blazorin/gists{/gist_id},https://api.github.com/users/blazorin/starred{/owner}{/repo},https://api.github.com/users/blazorin/subscriptions,https://api.github.com/users/blazorin/orgs,https://api.github.com/users/blazorin/repos,https://api.github.com/users/blazorin/events{/privacy},https://api.github.com/users/blazorin/received_events,User,false
2022-04-13T08:46:07Z,ARun-131,82071905,MDQ6VXNlcjgyMDcxOTA1,https://avatars.githubusercontent.com/u/82071905?v=4,,https://api.github.com/users/ARun-131,https://github.com/ARun-131,https://api.github.com/users/ARun-131/followers,https://api.github.com/users/ARun-131/following{/other_user},https://api.github.com/users/ARun-131/gists{/gist_id},https://api.github.com/users/ARun-131/starred{/owner}{/repo},https://api.github.com/users/ARun-131/subscriptions,https://api.github.com/users/ARun-131/orgs,https://api.github.com/users/ARun-131/repos,https://api.github.com/users/ARun-131/events{/privacy},https://api.github.com/users/ARun-131/received_events,User,false
2022-04-14T03:55:55Z,bitrocks,7197352,MDQ6VXNlcjcxOTczNTI=,https://avatars.githubusercontent.com/u/7197352?v=4,,https://api.github.com/users/bitrocks,https://github.com/bitrocks,https://api.github.com/users/bitrocks/followers,https://api.github.com/users/bitrocks/following{/other_user},https://api.github.com/users/bitrocks/gists{/gist_id},https://api.github.com/users/bitrocks/starred{/owner}{/repo},https://api.github.com/users/bitrocks/subscriptions,https://api.github.com/users/bitrocks/orgs,https://api.github.com/users/bitrocks/repos,https://api.github.com/users/bitrocks/events{/privacy},https://api.github.com/users/bitrocks/received_events,User,false
2022-04-15T21:40:23Z,Theezer,103786265,U_kgDOBi-nGQ,https://avatars.githubusercontent.com/u/103786265?v=4,,https://api.github.com/users/Theezer,https://github.com/Theezer,https://api.github.com/users/Theezer/followers,https://api.github.com/users/Theezer/following{/other_user},https://api.github.com/users/Theezer/gists{/gist_id},https://api.github.com/users/Theezer/starred{/owner}{/repo},https://api.github.com/users/Theezer/subscriptions,https://api.github.com/users/Theezer/orgs,https://api.github.com/users/Theezer/repos,https://api.github.com/users/Theezer/events{/privacy},https://api.github.com/users/Theezer/received_events,User,false
2022-04-16T14:32:59Z,tsywkGo,63803593,MDQ6VXNlcjYzODAzNTkz,https://avatars.githubusercontent.com/u/63803593?v=4,,https://api.github.com/users/tsywkGo,https://github.com/tsywkGo,https://api.github.com/users/tsywkGo/followers,https://api.github.com/users/tsywkGo/following{/other_user},https://api.github.com/users/tsywkGo/gists{/gist_id},https://api.github.com/users/tsywkGo/starred{/owner}{/repo},https://api.github.com/users/tsywkGo/subscriptions,https://api.github.com/users/tsywkGo/orgs,https://api.github.com/users/tsywkGo/repos,https://api.github.com/users/tsywkGo/events{/privacy},https://api.github.com/users/tsywkGo/received_events,User,false
2022-04-17T14:39:49Z,Fox9292,103890760,U_kgDOBjE_SA,https://avatars.githubusercontent.com/u/103890760?v=4,,https://api.github.com/users/Fox9292,https://github.com/Fox9292,https://api.github.com/users/Fox9292/followers,https://api.github.com/users/Fox9292/following{/other_user},https://api.github.com/users/Fox9292/gists{/gist_id},https://api.github.com/users/Fox9292/starred{/owner}{/repo},https://api.github.com/users/Fox9292/subscriptions,https://api.github.com/users/Fox9292/orgs,https://api.github.com/users/Fox9292/repos,https://api.github.com/users/Fox9292/events{/privacy},https://api.github.com/users/Fox9292/received_events,User,false
2022-04-19T15:52:51Z,girishramnani,6551988,MDQ6VXNlcjY1NTE5ODg=,https://avatars.githubusercontent.com/u/6551988?v=4,,https://api.github.com/users/girishramnani,https://github.com/girishramnani,https://api.github.com/users/girishramnani/followers,https://api.github.com/users/girishramnani/following{/other_user},https://api.github.com/users/girishramnani/gists{/gist_id},https://api.github.com/users/girishramnani/starred{/owner}{/repo},https://api.github.com/users/girishramnani/subscriptions,https://api.github.com/users/girishramnani/orgs,https://api.github.com/users/girishramnani/repos,https://api.github.com/users/girishramnani/events{/privacy},https://api.github.com/users/girishramnani/received_events,User,false
2022-04-21T13:09:13Z,vyas-shyam,57257070,MDQ6VXNlcjU3MjU3MDcw,https://avatars.githubusercontent.com/u/57257070?v=4,,https://api.github.com/users/vyas-shyam,https://github.com/vyas-shyam,https://api.github.com/users/vyas-shyam/followers,https://api.github.com/users/vyas-shyam/following{/other_user},https://api.github.com/users/vyas-shyam/gists{/gist_id},https://api.github.com/users/vyas-shyam/starred{/owner}{/repo},https://api.github.com/users/vyas-shyam/subscriptions,https://api.github.com/users/vyas-shyam/orgs,https://api.github.com/users/vyas-shyam/repos,https://api.github.com/users/vyas-shyam/events{/privacy},https://api.github.com/users/vyas-shyam/received_events,User,false
2022-04-23T02:23:48Z,AnaLauraRico,104239715,U_kgDOBjaSYw,https://avatars.githubusercontent.com/u/104239715?v=4,,https://api.github.com/users/AnaLauraRico,https://github.com/AnaLauraRico,https://api.github.com/users/AnaLauraRico/followers,https://api.github.com/users/AnaLauraRico/following{/other_user},https://api.github.com/users/AnaLauraRico/gists{/gist_id},https://api.github.com/users/AnaLauraRico/starred{/owner}{/repo},https://api.github.com/users/AnaLauraRico/subscriptions,https://api.github.com/users/AnaLauraRico/orgs,https://api.github.com/users/AnaLauraRico/repos,https://api.github.com/users/AnaLauraRico/events{/privacy},https://api.github.com/users/AnaLauraRico/received_events,User,false
2022-04-23T10:55:53Z,Cyberdevil112,98927848,U_kgDOBeWE6A,https://avatars.githubusercontent.com/u/98927848?v=4,,https://api.github.com/users/Cyberdevil112,https://github.com/Cyberdevil112,https://api.github.com/users/Cyberdevil112/followers,https://api.github.com/users/Cyberdevil112/following{/other_user},https://api.github.com/users/Cyberdevil112/gists{/gist_id},https://api.github.com/users/Cyberdevil112/starred{/owner}{/repo},https://api.github.com/users/Cyberdevil112/subscriptions,https://api.github.com/users/Cyberdevil112/orgs,https://api.github.com/users/Cyberdevil112/repos,https://api.github.com/users/Cyberdevil112/events{/privacy},https://api.github.com/users/Cyberdevil112/received_events,User,false