starred_at,user.login,user.id,user.node_id,user.avatar_url,user.gravatar_id,user.url,user.html_url,user.followers_url,user.following_url,user.gists_url,user.starred_url,user.subscriptions_url,user.organizations_url,user.repos_url,user.events_url,user.received_events_url,user.type,user.site_admin,owner,repo
2021-03-15T10:31:03Z,AmanRaj1608,42104907,MDQ6VXNlcjQyMTA0OTA3,https://avatars.githubusercontent.com/u/42104907?v=4,,https://api.github.com/users/AmanRaj1608,https://github.com/AmanRaj1608,https://api.github.com/users/AmanRaj1608/followers,https://api.github.com/users/AmanRaj1608/following{/other_user},https://api.github.com/users/AmanRaj1608/gists{/gist_id},https://api.github.com/users/AmanRaj1608/starred{/owner}{/repo},https://api.github.com/users/AmanRaj1608/subscriptions,https://api.github.com/users/AmanRaj1608/orgs,https://api.github.com/users/AmanRaj1608/repos,https://api.github.com/users/AmanRaj1608/events{/privacy},https://api.github.com/users/AmanRaj1608/received_events,User,false,maticnetwork,bor
2021-03-21T14:11:47Z,Pana,552081,MDQ6VXNlcjU1MjA4MQ==,https://avatars.githubusercontent.com/u/552081?v=4,,https://api.github.com/users/Pana,https://github.com/Pana,https://api.github.com/users/Pana/followers,https://api.github.com/users/Pana/following{/other_user},https://api.github.com/users/Pana/gists{/gist_id},https://api.github.com/users/Pana/starred{/owner}{/repo},https://api.github.com/users/Pana/subscriptions,https://api.github.com/users/Pana/orgs,https://api.github.com/users/Pana/repos,https://api.github.com/users/Pana/events{/privacy},https://api.github.com/users/Pana/received_events,User,false,maticnetwork,bor
2021-03-24T17:01:08Z,fedekunze,31522760,MDQ6VXNlcjMxNTIyNzYw,https://avatars.githubusercontent.com/u/31522760?v=4,,https://api.github.com/users/fedekunze,https://github.com/fedekunze,https://api.github.com/users/fedekunze/followers,https://api.github.com/users/fedekunze/following{/other_user},https://api.github.com/users/fedekunze/gists{/gist_id},https://api.github.com/users/fedekunze/starred{/owner}{/repo},https://api.github.com/users/fedekunze/subscriptions,https://api.github.com/users/fedekunze/orgs,https://api.github.com/users/fedekunze/repos,https://api.github.com/users/fedekunze/events{/privacy},https://api.github.com/users/fedekunze/received_events,User,false,maticnetwork,bor
2021-03-25T06:43:51Z,chimerakang,7005915,MDQ6VXNlcjcwMDU5MTU=,https://avatars.githubusercontent.com/u/7005915?v=4,,https://api.github.com/users/chimerakang,https://github.com/chimerakang,https://api.github.com/users/chimerakang/followers,https://api.github.com/users/chimerakang/following{/other_user},https://api.github.com/users/chimerakang/gists{/gist_id},https://api.github.com/users/chimerakang/starred{/owner}{/repo},https://api.github.com/users/chimerakang/subscriptions,https://api.github.com/users/chimerakang/orgs,https://api.github.com/users/chimerakang/repos,https://api.github.com/users/chimerakang/events{/privacy},https://api.github.com/users/chimerakang/received_events,User,false,maticnetwork,bor
2021-04-06T13:22:17Z,amitpdev,1583074,MDQ6VXNlcjE1ODMwNzQ=,https://avatars.githubusercontent.com/u/1583074?v=4,,https://api.github.com/users/amitpdev,https://github.com/amitpdev,https://api.github.com/users/amitpdev/followers,https://api.github.com/users/amitpdev/following{/other_user},https://api.github.com/users/amitpdev/gists{/gist_id},https://api.github.com/users/amitpdev/starred{/owner}{/repo},https://api.github.com/users/amitpdev/subscriptions,https://api.github.com/users/amitpdev/orgs,https://api.github.com/users/amitpdev/repos,https://api.github.com/users/amitpdev/events{/privacy},https://api.github.com/users/amitpdev/received_events,User,false,maticnetwork,bor
2021-04-09T08:46:23Z,zhp562176325,11403184,MDQ6VXNlcjExNDAzMTg0,https://avatars.githubusercontent.com/u/11403184?v=4,,https://api.github.com/users/zhp562176325,https://github.com/zhp562176325,https://api.github.com/users/zhp562176325/followers,https://api.github.com/users/zhp562176325/following{/other_user},https://api.github.com/users/zhp562176325/gists{/gist_id},https://api.github.com/users/zhp562176325/starred{/owner}{/repo},https://api.github.com/users/zhp562176325/subscriptions,https://api.github.com/users/zhp562176325/orgs,https://api.github.com/users/zhp562176325/repos,https://api.github.com/users/zhp562176325/events{/privacy},https://api.github.com/users/zhp562176325/received_events,User,false,maticnetwork,bor
2021-04-16T04:59:27Z,Arun-kc,22231409,MDQ6VXNlcjIyMjMxNDA5,https://avatars.githubusercontent.com/u/22231409?v=4,,https://api.github.com/users/Arun-kc,https://github.com/Arun-kc,https://api.github.com/users/Arun-kc/followers,https://api.github.com/users/Arun-kc/following{/other_user},https://api.github.com/users/Arun-kc/gists{/gist_id},https://api.github.com/users/Arun-kc/starred{/owner}{/repo},https://api.github.com/users/Arun-kc/subscriptions,https://api.github.com/users/Arun-kc/orgs,https://api.github.com/users/Arun-kc/repos,https://api.github.com/users/Arun-kc/events{/privacy},https://api.github.com/users/Arun-kc/received_events,User,false,maticnetwork,bor
2021-04-19T07:49:32Z,kathgironpe,50656,MDQ6VXNlcjUwNjU2,https://avatars.githubusercontent.com/u/50656?v=4,,https://api.github.com/users/kathgironpe,https://github.com/kathgironpe,https://api.github.com/users/kathgironpe/followers,https://api.github.com/users/kathgironpe/following{/other_user},https://api.github.com/users/kathgironpe/gists{/gist_id},https://api.github.com/users/kathgironpe/starred{/owner}{/repo},https://api.github.com/users/kathgironpe/subscriptions,https://api.github.com/users/kathgironpe/orgs,https://api.github.com/users/kathgironpe/repos,https://api.github.com/users/kathgironpe/events{/privacy},https://api.github.com/users/kathgironpe/received_events,User,false,maticnetwork,bor
2021-04-24T01:17:44Z,bahelit,918735,MDQ6VXNlcjkxODczNQ==,https://avatars.githubusercontent.com/u/918735?v=4,,https://api.github.com/users/bahelit,https://github.com/bahelit,https://api.github.com/users/bahelit/followers,https://api.github.com/users/bahelit/following{/other_user},https://api.github.com/users/bahelit/gists{/gist_id},https://api.github.com/users/bahelit/starred{/owner}{/repo},https://api.github.com/users/bahelit/subscriptions,https://api.github.com/users/bahelit/orgs,https://api.github.com/users/bahelit/repos,https://api.github.com/users/bahelit/events{/privacy},https://api.github.com/users/bahelit/received_events,User,false,maticnetwork,bor
2021-04-27T21:19:53Z,pedrodeoliveira,8281907,MDQ6VXNlcjgyODE5MDc=,https://avatars.githubusercontent.com/u/8281907?v=4,,https://api.github.com/users/pedrodeoliveira,https://github.com/pedrodeoliveira,https://api.github.com/users/pedrodeoliveira/followers,https://api.github.com/users/pedrodeoliveira/following{/other_user},https://api.github.com/users/pedrodeoliveira/gists{/gist_id},https://api.github.com/users/pedrodeoliveira/starred{/owner}{/repo},https://api.github.com/users/pedrodeoliveira/subscriptions,https://api.github.com/users/pedrodeoliveira/orgs,https://api.github.com/users/pedrodeoliveira/repos,https://api.github.com/users/pedrodeoliveira/events{/privacy},https://api.github.com/users/pedrodeoliveira/received_events,User,false,maticnetwork,bor
2021-04-28T03:35:45Z,noprom,8455444,MDQ6VXNlcjg0NTU0NDQ=,https://avatars.githubusercontent.com/u/8455444?v=4,,https://api.github.com/users/noprom,https://github.com/noprom,https://api.github.com/users/noprom/followers,https://api.github.com/users/noprom/following{/other_user},https://api.github.com/users/noprom/gists{/gist_id},https://api.github.com/users/noprom/starred{/owner}{/repo},https://api.github.com/users/noprom/subscriptions,https://api.github.com/users/noprom/orgs,https://api.github.com/users/noprom/repos,https://api.github.com/users/noprom/events{/privacy},https://api.github.com/users/noprom/received_events,User,false,maticnetwork,bor
2021-04-29T10:25:22Z,heipacker,3176947,MDQ6VXNlcjMxNzY5NDc=,https://avatars.githubusercontent.com/u/3176947?v=4,,https://api.github.com/users/heipacker,https://github.com/heipacker,https://api.github.com/users/heipacker/followers,https://api.github.com/users/heipacker/following{/other_user},https://api.github.com/users/heipacker/gists{/gist_id},https://api.github.com/users/heipacker/starred{/owner}{/repo},https://api.github.com/users/heipacker/subscriptions,https://api.github.com/users/heipacker/orgs,https://api.github.com/users/heipacker/repos,https://api.github.com/users/heipacker/events{/privacy},https://api.github.com/users/heipacker/received_events,User,false,maticnetwork,bor
2021-04-29T15:47:37Z,kesar,1288106,MDQ6VXNlcjEyODgxMDY=,https://avatars.githubusercontent.com/u/1288106?v=4,,https://api.github.com/users/kesar,https://github.com/kesar,https://api.github.com/users/kesar/followers,https://api.github.com/users/kesar/following{/other_user},https://api.github.com/users/kesar/gists{/gist_id},https://api.github.com/users/kesar/starred{/owner}{/repo},https://api.github.com/users/kesar/subscriptions,https://api.github.com/users/kesar/orgs,https://api.github.com/users/kesar/repos,https://api.github.com/users/kesar/events{/privacy},https://api.github.com/users/kesar/received_events,User,false,maticnetwork,bor
2021-04-30T01:56:42Z,craigbranscom,25441345,MDQ6VXNlcjI1NDQxMzQ1,https://avatars.githubusercontent.com/u/25441345?v=4,,https://api.github.com/users/craigbranscom,https://github.com/craigbranscom,https://api.github.com/users/craigbranscom/followers,https://api.github.com/users/craigbranscom/following{/other_user},https://api.github.com/users/craigbranscom/gists{/gist_id},https://api.github.com/users/craigbranscom/starred{/owner}{/repo},https://api.github.com/users/craigbranscom/subscriptions,https://api.github.com/users/craigbranscom/orgs,https://api.github.com/users/craigbranscom/repos,https://api.github.com/users/craigbranscom/events{/privacy},https://api.github.com/users/craigbranscom/received_events,User,false,maticnetwork,bor
2021-05-01T12:42:32Z,liushmh,4527891,MDQ6VXNlcjQ1Mjc4OTE=,https://avatars.githubusercontent.com/u/4527891?v=4,,https://api.github.com/users/liushmh,https://github.com/liushmh,https://api.github.com/users/liushmh/followers,https://api.github.com/users/liushmh/following{/other_user},https://api.github.com/users/liushmh/gists{/gist_id},https://api.github.com/users/liushmh/starred{/owner}{/repo},https://api.github.com/users/liushmh/subscriptions,https://api.github.com/users/liushmh/orgs,https://api.github.com/users/liushmh/repos,https://api.github.com/users/liushmh/events{/privacy},https://api.github.com/users/liushmh/received_events,User,false,maticnetwork,bor
2021-05-02T20:51:04Z,skyjebus,64335706,MDQ6VXNlcjY0MzM1NzA2,https://avatars.githubusercontent.com/u/64335706?v=4,,https://api.github.com/users/skyjebus,https://github.com/skyjebus,https://api.github.com/users/skyjebus/followers,https://api.github.com/users/skyjebus/following{/other_user},https://api.github.com/users/skyjebus/gists{/gist_id},https://api.github.com/users/skyjebus/starred{/owner}{/repo},https://api.github.com/users/skyjebus/subscriptions,https://api.github.com/users/skyjebus/orgs,https://api.github.com/users/skyjebus/repos,https://api.github.com/users/skyjebus/events{/privacy},https://api.github.com/users/skyjebus/received_events,User,false,maticnetwork,bor
2021-05-03T19:50:22Z,cooperinnovativeanalytics,52181364,MDQ6VXNlcjUyMTgxMzY0,https://avatars.githubusercontent.com/u/52181364?v=4,,https://api.github.com/users/cooperinnovativeanalytics,https://github.com/cooperinnovativeanalytics,https://api.github.com/users/cooperinnovativeanalytics/followers,https://api.github.com/users/cooperinnovativeanalytics/following{/other_user},https://api.github.com/users/cooperinnovativeanalytics/gists{/gist_id},https://api.github.com/users/cooperinnovativeanalytics/starred{/owner}{/repo},https://api.github.com/users/cooperinnovativeanalytics/subscriptions,https://api.github.com/users/cooperinnovativeanalytics/orgs,https://api.github.com/users/cooperinnovativeanalytics/repos,https://api.github.com/users/cooperinnovativeanalytics/events{/privacy},https://api.github.com/users/cooperinnovativeanalytics/received_events,User,false,maticnetwork,bor
2021-05-05T14:05:50Z,jolestar,77268,MDQ6VXNlcjc3MjY4,https://avatars.githubusercontent.com/u/77268?v=4,,https://api.github.com/users/jolestar,https://github.com/jolestar,https://api.github.com/users/jolestar/followers,https://api.github.com/users/jolestar/following{/other_user},https://api.github.com/users/jolestar/gists{/gist_id},https://api.github.com/users/jolestar/starred{/owner}{/repo},https://api.github.com/users/jolestar/subscriptions,https://api.github.com/users/jolestar/orgs,https://api.github.com/users/jolestar/repos,https://api.github.com/users/jolestar/events{/privacy},https://api.github.com/users/jolestar/received_events,User,false,maticnetwork,bor
2021-05-06T00:53:01Z,sincoinet,72858028,MDQ6VXNlcjcyODU4MDI4,https://avatars.githubusercontent.com/u/72858028?v=4,,https://api.github.com/users/sincoinet,https://github.com/sincoinet,https://api.github.com/users/sincoinet/followers,https://api.github.com/users/sincoinet/following{/other_user},https://api.github.com/users/sincoinet/gists{/gist_id},https://api.github.com/users/sincoinet/starred{/owner}{/repo},https://api.github.com/users/sincoinet/subscriptions,https://api.github.com/users/sincoinet/orgs,https://api.github.com/users/sincoinet/repos,https://api.github.com/users/sincoinet/events{/privacy},https://api.github.com/users/sincoinet/received_events,User,false,maticnetwork,bor
2021-05-06T02:44:22Z,ccccccmd,10289019,MDQ6VXNlcjEwMjg5MDE5,https://avatars.githubusercontent.com/u/10289019?v=4,,https://api.github.com/users/ccccccmd,https://github.com/ccccccmd,https://api.github.com/users/ccccccmd/followers,https://api.github.com/users/ccccccmd/following{/other_user},https://api.github.com/users/ccccccmd/gists{/gist_id},https://api.github.com/users/ccccccmd/starred{/owner}{/repo},https://api.github.com/users/ccccccmd/subscriptions,https://api.github.com/users/ccccccmd/orgs,https://api.github.com/users/ccccccmd/repos,https://api.github.com/users/ccccccmd/events{/privacy},https://api.github.com/users/ccccccmd/received_events,User,false,maticnetwork,bor
2021-05-06T10:11:14Z,nerverwind,10102473,MDQ6VXNlcjEwMTAyNDcz,https://avatars.githubusercontent.com/u/10102473?v=4,,https://api.github.com/users/nerverwind,https://github.com/nerverwind,https://api.github.com/users/nerverwind/followers,https://api.github.com/users/nerverwind/following{/other_user},https://api.github.com/users/nerverwind/gists{/gist_id},https://api.github.com/users/nerverwind/starred{/owner}{/repo},https://api.github.com/users/nerverwind/subscriptions,https://api.github.com/users/nerverwind/orgs,https://api.github.com/users/nerverwind/repos,https://api.github.com/users/nerverwind/events{/privacy},https://api.github.com/users/nerverwind/received_events,User,false,maticnetwork,bor
2021-05-08T17:01:05Z,metacritical,760429,MDQ6VXNlcjc2MDQyOQ==,https://avatars.githubusercontent.com/u/760429?v=4,,https://api.github.com/users/metacritical,https://github.com/metacritical,https://api.github.com/users/metacritical/followers,https://api.github.com/users/metacritical/following{/other_user},https://api.github.com/users/metacritical/gists{/gist_id},https://api.github.com/users/metacritical/starred{/owner}{/repo},https://api.github.com/users/metacritical/subscriptions,https://api.github.com/users/metacritical/orgs,https://api.github.com/users/metacritical/repos,https://api.github.com/users/metacritical/events{/privacy},https://api.github.com/users/metacritical/received_events,User,false,maticnetwork,bor
2021-05-09T01:20:56Z,simonfuture2,78990353,MDQ6VXNlcjc4OTkwMzUz,https://avatars.githubusercontent.com/u/78990353?v=4,,https://api.github.com/users/simonfuture2,https://github.com/simonfuture2,https://api.github.com/users/simonfuture2/followers,https://api.github.com/users/simonfuture2/following{/other_user},https://api.github.com/users/simonfuture2/gists{/gist_id},https://api.github.com/users/simonfuture2/starred{/owner}{/repo},https://api.github.com/users/simonfuture2/subscriptions,https://api.github.com/users/simonfuture2/orgs,https://api.github.com/users/simonfuture2/repos,https://api.github.com/users/simonfuture2/events{/privacy},https://api.github.com/users/simonfuture2/received_events,User,false,maticnetwork,bor
2021-05-09T22:46:46Z,Ricardo12Rseguros,83479032,MDQ6VXNlcjgzNDc5MDMy,https://avatars.githubusercontent.com/u/83479032?v=4,,https://api.github.com/users/Ricardo12Rseguros,https://github.com/Ricardo12Rseguros,https://api.github.com/users/Ricardo12Rseguros/followers,https://api.github.com/users/Ricardo12Rseguros/following{/other_user},https://api.github.com/users/Ricardo12Rseguros/gists{/gist_id},https://api.github.com/users/Ricardo12Rseguros/starred{/owner}{/repo},https://api.github.com/users/Ricardo12Rseguros/subscriptions,https://api.github.com/users/Ricardo12Rseguros/orgs,https://api.github.com/users/Ricardo12Rseguros/repos,https://api.github.com/users/Ricardo12Rseguros/events{/privacy},https://api.github.com/users/Ricardo12Rseguros/received_events,User,false,maticnetwork,bor
2021-05-10T07:22:18Z,Dgatibelza,28162029,MDQ6VXNlcjI4MTYyMDI5,https://avatars.githubusercontent.com/u/28162029?v=4,,https://api.github.com/users/Dgatibelza,https://github.com/Dgatibelza,https://api.github.com/users/Dgatibelza/followers,https://api.github.com/users/Dgatibelza/following{/other_user},https://api.github.com/users/Dgatibelza/gists{/gist_id},https://api.github.com/users/Dgatibelza/starred{/owner}{/repo},https://api.github.com/users/Dgatibelza/subscriptions,https://api.github.com/users/Dgatibelza/orgs,https://api.github.com/users/Dgatibelza/repos,https://api.github.com/users/Dgatibelza/events{/privacy},https://api.github.com/users/Dgatibelza/received_events,User,false,maticnetwork,bor
2021-05-11T15:37:18Z,moondowner,1262604,MDQ6VXNlcjEyNjI2MDQ=,https://avatars.githubusercontent.com/u/1262604?v=4,,https://api.github.com/users/moondowner,https://github.com/moondowner,https://api.github.com/users/moondowner/followers,https://api.github.com/users/moondowner/following{/other_user},https://api.github.com/users/moondowner/gists{/gist_id},https://api.github.com/users/moondowner/starred{/owner}{/repo},https://api.github.com/users/moondowner/subscriptions,https://api.github.com/users/moondowner/orgs,https://api.github.com/users/moondowner/repos,https://api.github.com/users/moondowner/events{/privacy},https://api.github.com/users/moondowner/received_events,User,false,maticnetwork,bor
2021-05-12T06:59:00Z,TheArhaam,50456451,MDQ6VXNlcjUwNDU2NDUx,https://avatars.githubusercontent.com/u/50456451?v=4,,https://api.github.com/users/TheArhaam,https://github.com/TheArhaam,https://api.github.com/users/TheArhaam/followers,https://api.github.com/users/TheArhaam/following{/other_user},https://api.github.com/users/TheArhaam/gists{/gist_id},https://api.github.com/users/TheArhaam/starred{/owner}{/repo},https://api.github.com/users/TheArhaam/subscriptions,https://api.github.com/users/TheArhaam/orgs,https://api.github.com/users/TheArhaam/repos,https://api.github.com/users/TheArhaam/events{/privacy},https://api.github.com/users/TheArhaam/received_events,User,false,maticnetwork,bor
2021-05-13T10:06:54Z,Maziho,25057837,MDQ6VXNlcjI1MDU3ODM3,https://avatars.githubusercontent.com/u/25057837?v=4,,https://api.github.com/users/Maziho,https://github.com/Maziho,https://api.github.com/users/Maziho/followers,https://api.github.com/users/Maziho/following{/other_user},https://api.github.com/users/Maziho/gists{/gist_id},https://api.github.com/users/Maziho/starred{/owner}{/repo},https://api.github.com/users/Maziho/subscriptions,https://api.github.com/users/Maziho/orgs,https://api.github.com/users/Maziho/repos,https://api.github.com/users/Maziho/events{/privacy},https://api.github.com/users/Maziho/received_events,User,false,maticnetwork,bor
2021-05-17T15:19:07Z,d3centr0z,33702798,MDQ6VXNlcjMzNzAyNzk4,https://avatars.githubusercontent.com/u/33702798?v=4,,https://api.github.com/users/d3centr0z,https://github.com/d3centr0z,https://api.github.com/users/d3centr0z/followers,https://api.github.com/users/d3centr0z/following{/other_user},https://api.github.com/users/d3centr0z/gists{/gist_id},https://api.github.com/users/d3centr0z/starred{/owner}{/repo},https://api.github.com/users/d3centr0z/subscriptions,https://api.github.com/users/d3centr0z/orgs,https://api.github.com/users/d3centr0z/repos,https://api.github.com/users/d3centr0z/events{/privacy},https://api.github.com/users/d3centr0z/received_events,User,false,maticnetwork,bor
2021-05-17T21:44:11Z,Gituser143,44526455,MDQ6VXNlcjQ0NTI2NDU1,https://avatars.githubusercontent.com/u/44526455?v=4,,https://api.github.com/users/Gituser143,https://github.com/Gituser143,https://api.github.com/users/Gituser143/followers,https://api.github.com/users/Gituser143/following{/other_user},https://api.github.com/users/Gituser143/gists{/gist_id},https://api.github.com/users/Gituser143/starred{/owner}{/repo},https://api.github.com/users/Gituser143/subscriptions,https://api.github.com/users/Gituser143/orgs,https://api.github.com/users/Gituser143/repos,https://api.github.com/users/Gituser143/events{/privacy},https://api.github.com/users/Gituser143/received_events,User,false,maticnetwork,bor